<?xml version="1.0" encoding="UTF-8"?>
<project-private xmlns="http://www.netbeans.org/ns/project-private/1">
    <editor-bookmarks xmlns="http://www.netbeans.org/ns/editor-bookmarks/2" lastBookmarkId="0"/>
    <open-files xmlns="http://www.netbeans.org/ns/projectui-open-files/2">
        <group>
            <file>file:/C:/Users/Malthus%20Lidavhu/Documents/2023%20Semester%201%20Modules/INT316D/ExamPractice/WILProject/web/dashboard.jsp</file>
            <file>file:/C:/Users/Malthus%20Lidavhu/Documents/2023%20Semester%201%20Modules/INT316D/ExamPractice/WILProject/web/widget.html</file>
            <file>file:/C:/Users/Malthus%20Lidavhu/Documents/2023%20Semester%201%20Modules/INT316D/ExamPractice/WILProject/web/index.html</file>
            <file>file:/C:/Users/Malthus%20Lidavhu/Documents/2023%20Semester%201%20Modules/INT316D/ExamPractice/WILProject/web/userdocuments.jsp</file>
            <file>file:/C:/Users/Malthus%20Lidavhu/Documents/2023%20Semester%201%20Modules/INT316D/ExamPractice/WILProject/web/element.html</file>
            <file>file:/C:/Users/Malthus%20Lidavhu/Documents/2023%20Semester%201%20Modules/INT316D/ExamPractice/WILProject/web/signup.jsp</file>
        </group>
    </open-files>
</project-private>
